Variable,Stream,Resitance,Resiliences,Recovery,TemporalStab
Canopy,QPA,-0.922396235,0.09387,-0.196959688,3.363577
Canopy,QPB,-0.505618165,0.05386,-0.159439751,6.4075956
Leaf,QPA,0.64,0.05,-0.64,1.76
Leaf,QPB,0.78,0.01,-0.42,3.19
Leaf_Exp,QPA,-0.029813623,0.03776,0.056311517,1.2649718
Leaf_Exp,QPB,0.229398271,0.01724,0.215603196,1.1335577
Chla,QPA,-0.13,0.007,-0.15,1.93
Chla,QPB,-0.4,0.01,-0.05,2.1
Shrimp,QPA,-0.07,0.08491,0.308102076,4.1746111
Shrimp,QPB,0.25,0.07494,0.491161212,3.767155
